,anger,joy,optimism,sadness
0,0.008924383670091629,-0.24264535307884216,0.8435291647911072,0.5463631749153137
1,1.5694503784179688,-0.12301543354988098,-0.5550195574760437,0.7030064463615417
2,1.0611217021942139,-1.0398341417312622,1.8781752586364746,-0.7218217253684998
3,0.7270904779434204,-1.1443442106246948,0.9059797525405884,0.5127243995666504
4,1.2365055084228516,-1.6073824167251587,-0.36551085114479065,1.277178406715393
5,-0.4887639880180359,1.1490486860275269,-0.025066182017326355,0.13441595435142517
6,0.429978609085083,-0.9391874670982361,-0.9691919684410095,2.5111377239227295
7,1.5054492950439453,-0.2757355868816376,-0.6888815760612488,0.773764431476593
8,0.4471602141857147,-1.6032772064208984,-1.606061577796936,2.9993104934692383
9,-1.1952184438705444,3.0870168209075928,-0.46981531381607056,-1.3821613788604736
10,0.8536020517349243,-1.0283455848693848,0.5882595181465149,0.4661226272583008
11,3.0240478515625,-2.261898994445801,-0.16352248191833496,-0.17938674986362457
12,1.0545240640640259,-0.5930724143981934,-0.6692688465118408,1.1717206239700317
13,-0.14681847393512726,0.7534725666046143,0.21476824581623077,0.2366161197423935
14,0.6391171216964722,-0.7045029997825623,-0.5674310326576233,1.9167054891586304
15,0.5830307602882385,0.1419328898191452,0.7053762078285217,-0.2580808997154236
16,1.8800921440124512,-1.2734534740447998,-0.6765168309211731,0.745344340801239
17,-0.2648094892501831,0.44490954279899597,-0.49148547649383545,1.2195415496826172
18,-1.707955002784729,1.3990843296051025,-0.6537883877754211,1.2371922731399536
19,-0.557471752166748,0.8971086740493774,0.545706570148468,-0.14419642090797424
20,-0.38531360030174255,0.9327918291091919,0.36400336027145386,0.4356064796447754
21,-0.23849228024482727,-1.0883457660675049,1.2824387550354004,0.9883759617805481
22,1.5061211585998535,-1.7002938985824585,1.1578669548034668,-0.1108531802892685
23,3.3890182971954346,-1.7531723976135254,-0.7150347828865051,-0.04683797061443329
24,-0.5708849430084229,0.43251532316207886,-0.7059354186058044,1.4178425073623657
25,0.17469899356365204,1.1728544235229492,-0.07572084665298462,-0.10655710101127625
26,-0.29590940475463867,-2.053234100341797,-1.049766182899475,3.3573155403137207
27,-0.12658609449863434,0.005007637664675713,-0.00996995996683836,1.1503199338912964
28,-0.5788377523422241,1.0537559986114502,1.4375654458999634,-1.0040130615234375
29,2.1252143383026123,-1.1956473588943481,-0.6355059146881104,0.40257322788238525
30,2.572932004928589,-0.882567822933197,-0.5833027958869934,0.05577635020017624
31,-0.39475008845329285,1.4172601699829102,0.3108123242855072,-0.46594351530075073
32,0.9215800762176514,-0.04564746096730232,-0.28321969509124756,0.8042400479316711
33,-1.4175500869750977,1.3479673862457275,-0.22896674275398254,0.471746027469635
34,0.0013725943863391876,1.8998267650604248,-0.2712239623069763,-0.7059586644172668
35,0.17385824024677277,-0.5646162629127502,2.3442792892456055,-0.8902295827865601
36,-0.10752144455909729,0.2523193061351776,1.211294174194336,-0.6237390637397766
37,1.3086477518081665,-1.556418776512146,-0.298090398311615,1.0623958110809326
38,-0.9564034938812256,-0.08509774506092072,-0.3209257125854492,1.9470937252044678
39,1.9359780550003052,-1.2511649131774902,-0.6641935110092163,0.6815667152404785
40,-0.19601278007030487,1.8463709354400635,-0.06380459666252136,-0.7898717522621155
41,1.7143354415893555,-1.5996793508529663,0.07636897265911102,0.9159541130065918
42,0.42245808243751526,-0.39860621094703674,1.2152563333511353,-0.03199433535337448
43,1.3064548969268799,-0.37575650215148926,-0.6133629679679871,0.5978341698646545
44,-1.1076176166534424,1.866458773612976,0.07942330837249756,-0.8270689845085144
45,-0.7171630263328552,0.8951884508132935,-0.8858749866485596,1.197359561920166
46,0.047590550035238266,-1.4009320735931396,2.6854195594787598,-0.359195351600647
47,0.7053127288818359,-0.938083291053772,0.0741296336054802,1.2707244157791138
48,2.643517017364502,-1.3003294467926025,-1.1558009386062622,1.0282851457595825
49,0.4736058712005615,-0.0800737738609314,0.1357378214597702,1.1282039880752563
50,1.6516157388687134,-1.077113389968872,-0.42556607723236084,0.7046266198158264
51,0.2798004746437073,0.7439429759979248,0.5161095261573792,0.055294543504714966
52,-0.12868444621562958,-0.25674739480018616,-0.30809885263442993,1.6206473112106323
53,3.3890182971954346,-1.7531723976135254,-0.7150347828865051,-0.04683797061443329
54,-1.2707412242889404,2.853447914123535,-0.259272038936615,-1.2992578744888306
55,-0.4028877019882202,1.8943767547607422,-0.5349753499031067,0.10878567397594452
56,0.4271610975265503,-1.5856810808181763,-0.23312310874462128,2.127178907394409
57,0.38351428508758545,0.5692660808563232,-0.730026364326477,0.7664163708686829
58,0.8581774830818176,4.707103653345257e-05,-0.03364066779613495,0.34709805250167847
59,0.8999263048171997,-0.9850889444351196,0.008290884084999561,0.9899500012397766
60,1.5371744632720947,-1.1842012405395508,-1.1580370664596558,1.825921654701233
61,2.3968207836151123,-1.826690435409546,-1.0218884944915771,0.9082446694374084
62,1.3023661375045776,-0.27980342507362366,-0.7881950736045837,1.146358847618103
63,-1.2993801832199097,1.6163370609283447,-0.33928918838500977,0.5051008462905884
64,1.0712453126907349,-1.663643717765808,-0.397703617811203,1.4609572887420654
65,0.6686388850212097,-0.18790951371192932,-0.42108041048049927,1.3457120656967163
66,0.7961629629135132,-0.5060573220252991,-0.7845929861068726,1.802120327949524
67,-0.13172166049480438,1.1513023376464844,-0.4894769787788391,0.49549049139022827
68,0.2621825933456421,1.541642427444458,0.0033433372154831886,-0.9901043176651001
69,3.3485629558563232,-1.6247249841690063,-0.6049864888191223,-0.22699788212776184
70,-0.23361897468566895,0.5646410584449768,1.8881711959838867,-1.396581768989563
71,0.7470483779907227,-1.958142876625061,1.7616636753082275,0.19693206250667572
72,-0.16337741911411285,0.24898360669612885,0.5479469895362854,0.0351058766245842
73,-0.8898922204971313,0.5165555477142334,-0.5453090071678162,1.560965895652771
74,-1.0438066720962524,3.301823616027832,-0.7992246747016907,-1.1750868558883667
75,-1.2622716426849365,2.4270613193511963,-0.16020146012306213,-0.7460387349128723
76,-1.1231056451797485,2.1884288787841797,0.06195279210805893,-0.38140517473220825
77,3.085766553878784,-1.6169047355651855,-1.1478770971298218,0.48402267694473267
78,-1.1610771417617798,1.2511309385299683,1.0266066789627075,-0.5061245560646057
79,-0.6247421503067017,0.6216253042221069,0.6776188015937805,0.3389044404029846
80,-0.4492489695549011,1.1598544120788574,0.24626858532428741,0.08997318148612976
81,-0.7310327291488647,2.052870273590088,-0.07426764070987701,-0.5831006169319153
82,-1.263048529624939,1.1587238311767578,0.4510018825531006,0.2994272708892822
83,0.2647629976272583,-1.2575218677520752,-0.994852602481842,2.1696231365203857
84,2.0184526443481445,-1.7203569412231445,-0.7987598776817322,1.071513295173645
85,-0.09782774746417999,-0.7312426567077637,-1.6609054803848267,2.800930976867676
86,-0.5033093690872192,-0.7384872436523438,2.559051275253296,-0.4808637499809265
87,-1.4973118305206299,2.2940046787261963,0.23563894629478455,-0.4743231534957886
88,0.08521852642297745,-0.021683262661099434,-1.0371119976043701,1.5172158479690552
89,0.22481481730937958,0.31606465578079224,0.24520204961299896,0.5919041633605957
90,2.134260654449463,-1.1273449659347534,-0.6206409335136414,0.6583817601203918
91,-1.1253080368041992,2.173626661300659,0.5134268999099731,-1.3005348443984985
92,1.9359780550003052,-1.2511649131774902,-0.6641935110092163,0.6815667152404785
93,-0.09416696429252625,-0.1442514955997467,0.5540054440498352,1.1443151235580444
94,-0.5303110480308533,0.9121412634849548,0.4211956560611725,-0.14601044356822968
95,-0.8348085880279541,1.5530245304107666,-0.5064986348152161,0.25184619426727295
96,2.4633772373199463,-1.485698938369751,-0.19174668192863464,0.11808517575263977
97,-0.193513423204422,0.6581551432609558,0.5331567525863647,-0.3143250346183777
98,1.9359780550003052,-1.2511649131774902,-0.6641935110092163,0.6815667152404785
99,-0.5741854906082153,0.5929740071296692,0.4366193413734436,0.1357325166463852
100,0.2664473056793213,0.6402238011360168,-0.11308780312538147,0.32431459426879883
101,-0.4467040002346039,2.2066500186920166,-0.23983176052570343,-0.7063978314399719
102,0.530298113822937,0.25825557112693787,0.5908016562461853,-0.18146507441997528
103,1.6998878717422485,-2.2367663383483887,-0.6533623933792114,1.674430251121521
104,2.115433692932129,-1.206324815750122,-0.7993708252906799,0.8503724932670593
105,0.02278592810034752,-0.8504053354263306,2.461364269256592,-0.558453381061554
106,-0.5794233679771423,0.2564113736152649,1.320816993713379,-0.20978470146656036
107,-0.488180935382843,1.1073191165924072,-0.19085365533828735,0.5864349007606506
108,2.7513015270233154,-2.3607261180877686,-0.36128944158554077,0.5019752383232117
109,-0.022166002541780472,-0.9766713976860046,-0.05730246752500534,1.9708598852157593
110,-0.6398097276687622,0.46045681834220886,-1.757117748260498,2.215040922164917
111,-0.24170726537704468,-0.7121717929840088,-1.4266875982284546,2.7135651111602783
112,-0.6322678327560425,2.3399198055267334,-0.0021437937393784523,-1.05076265335083
113,3.1294169425964355,-1.499188780784607,-0.8031548857688904,0.07987119257450104
114,-0.1677914410829544,1.1837437152862549,0.25245651602745056,-0.2622634768486023
115,-0.9148894548416138,1.7236409187316895,0.31506192684173584,-0.11073394119739532
116,1.470448613166809,0.8986080884933472,-0.9388152956962585,-0.47810810804367065
117,0.6709306240081787,-1.6262279748916626,0.23817643523216248,1.448547601699829
118,1.836679458618164,-1.4509660005569458,-0.4954685568809509,0.7389208078384399
119,1.208390712738037,-0.08843904733657837,-1.5281412601470947,1.4191555976867676
120,-0.7826611995697021,0.11837290227413177,2.600318193435669,-1.1201711893081665
121,-0.09012074768543243,2.076589584350586,-0.9671624302864075,-0.5028918981552124
122,0.47691065073013306,-0.9808976054191589,0.5708895325660706,1.1581971645355225
123,-0.5198132991790771,1.3343255519866943,0.7002171874046326,-0.6173996329307556
124,-0.7602999806404114,1.2991629838943481,1.385334849357605,-1.201198935508728
125,-0.9539446234703064,-0.696135401725769,-0.2906038165092468,1.8798375129699707
126,-1.0229442119598389,2.265533208847046,-0.6955329775810242,0.16516940295696259
127,1.9359780550003052,-1.2511649131774902,-0.6641935110092163,0.6815667152404785
128,2.5666770935058594,-1.8366962671279907,0.003920317627489567,0.3026391863822937
129,-1.5080069303512573,2.8860514163970947,-0.3834734261035919,-1.1129206418991089
130,2.712221622467041,-1.4960353374481201,-0.09518278390169144,0.25118863582611084
131,1.390730619430542,-1.6933722496032715,-0.7129140496253967,1.4826080799102783
132,1.7669451236724854,-1.3429735898971558,-0.7626045346260071,1.0052884817123413
133,-1.0229442119598389,2.265533208847046,-0.6955329775810242,0.16516940295696259
134,-1.4840643405914307,2.4454071521759033,-0.1568281501531601,-0.8417931199073792
135,0.09002332389354706,-0.3078056275844574,0.19965492188930511,1.2853504419326782
136,0.06503301858901978,0.4707636535167694,0.28350934386253357,0.3332098722457886
137,-0.6044496893882751,0.7666356563568115,0.5984026789665222,-0.07424961775541306
138,0.21210314333438873,-0.22233660519123077,2.406154155731201,-1.4592831134796143
139,1.9749703407287598,-0.9721018671989441,-0.21786697208881378,0.16802413761615753
140,0.5294969081878662,-0.824855625629425,1.2468748092651367,0.09956617653369904
141,-0.10998152196407318,0.4500015079975128,-0.17470566928386688,0.8495195508003235
142,1.9359780550003052,-1.2511649131774902,-0.6641935110092163,0.6815667152404785
143,1.1368006467819214,-1.0650126934051514,0.08234329521656036,0.7432084083557129
144,0.49063700437545776,-0.03288218379020691,-0.18174315989017487,0.8488556742668152
145,-1.219763159751892,2.957751989364624,-0.5010826587677002,-1.0644420385360718
146,-0.8897998332977295,0.00502590648829937,1.2792741060256958,0.496280312538147
147,2.3010716438293457,-1.6847724914550781,-0.1533997654914856,0.49826163053512573
148,1.1262869834899902,0.4603537917137146,-0.7098904252052307,0.23099838197231293
149,2.08367657661438,0.21091552078723907,-1.0824388265609741,-0.45893973112106323
150,-0.2784383296966553,1.2106188535690308,-0.34810662269592285,0.3282560110092163
151,0.46733325719833374,-0.054068535566329956,-0.1490536332130432,1.338378667831421
152,-1.1262145042419434,3.2129709720611572,-1.046339511871338,-0.810579776763916
153,-1.4488978385925293,2.399749517440796,0.04585319757461548,-0.6058766841888428
154,2.235630750656128,-1.0932444334030151,0.5224858522415161,-0.3790047764778137
155,-1.5129562616348267,3.0494799613952637,-0.16688337922096252,-1.5277609825134277
156,-0.9577414989471436,2.3525898456573486,0.06792096793651581,-1.0930055379867554
157,1.9359780550003052,-1.2511649131774902,-0.6641935110092163,0.6815667152404785
158,0.17285391688346863,0.6437667012214661,-0.09846767783164978,0.35990357398986816
159,-0.09416696429252625,-0.1442514955997467,0.5540054440498352,1.1443151235580444
160,-0.3003323972225189,-0.0030924694146960974,0.6375872492790222,0.18227067589759827
161,-0.7335723042488098,1.6315298080444336,0.2996145784854889,-0.11891806125640869
162,-0.6230133771896362,-0.9013926386833191,2.7096199989318848,-0.22881008684635162
163,0.641309380531311,-0.024866728112101555,-1.0206102132797241,1.4939697980880737
164,-1.333282232284546,2.803278684616089,0.04068797826766968,-1.4210206270217896
165,-0.020315028727054596,0.10445663332939148,1.036622405052185,-0.21837440133094788
166,1.2343006134033203,-0.7486600875854492,-0.769805371761322,1.4563210010528564
167,-0.7804972529411316,2.1013360023498535,0.09633161127567291,-0.8631020188331604
168,1.8800921440124512,-1.2734534740447998,-0.6765168309211731,0.745344340801239
169,-0.8435959815979004,2.133967638015747,0.14037537574768066,-0.8307622671127319
170,0.7533447742462158,-0.11532288789749146,-0.3310966491699219,0.6463537812232971
171,2.6887712478637695,-1.5081299543380737,-0.08755701035261154,-0.038114242255687714
172,1.9359780550003052,-1.2511649131774902,-0.6641935110092163,0.6815667152404785
173,0.042052727192640305,0.24229289591312408,0.2183580845594406,0.5857267379760742
174,1.0433170795440674,-0.27461186051368713,-0.08611346781253815,0.05053943395614624
175,-0.7658870220184326,-0.14772607386112213,2.2914834022521973,-0.4997808337211609
176,-1.4001723527908325,0.865799605846405,1.8645261526107788,-1.1749910116195679
177,-1.043900728225708,2.2210352420806885,0.5982518792152405,-1.369619369506836
178,-0.9590377807617188,-1.1304597854614258,-1.450197696685791,3.619173526763916
179,3.0441105365753174,-1.835806965827942,-0.9532120227813721,0.21433718502521515
180,0.576438844203949,-0.09156119078397751,-0.2836618423461914,0.7265343070030212
181,2.6821656227111816,-1.6531680822372437,-0.8277047276496887,0.4689253568649292
182,-0.38531360030174255,0.9327918291091919,0.36400336027145386,0.4356064796447754
183,-0.13172166049480438,1.1513023376464844,-0.4894769787788391,0.49549049139022827
184,1.254754662513733,-0.632013201713562,-0.7603097558021545,1.5978788137435913
185,1.5274001359939575,-0.34303420782089233,-0.3854328691959381,0.17316357791423798
186,0.48505571484565735,1.5547945499420166,-0.6987091302871704,-0.0015625432133674622
187,-1.4621039628982544,3.103428602218628,-0.8541110157966614,-0.6003620624542236
188,0.7966590523719788,1.304908275604248,-0.3696613311767578,-0.6944921612739563
189,1.2482035160064697,-0.9742643237113953,0.9454867839813232,-0.10681666433811188
190,-0.6552999019622803,-0.7766916751861572,2.721595525741577,-0.2907012701034546
191,1.636997103691101,-1.3781071901321411,-0.5988579392433167,0.9515102505683899
192,0.4890054762363434,-1.6654058694839478,1.4384642839431763,0.5348858833312988
193,-0.8989980220794678,2.03003191947937,-0.33816275000572205,0.014346323907375336
194,2.156651020050049,-2.036689043045044,-0.40617090463638306,1.048010230064392
195,2.011855125427246,-1.961888074874878,-0.25978726148605347,0.7720094919204712
196,0.47316259145736694,0.8492329120635986,-0.7061240673065186,0.37039053440093994
197,-1.3244231939315796,1.6444453001022339,1.2015762329101562,-1.3355567455291748
198,1.6556286811828613,-0.503381609916687,-0.24976594746112823,0.1477397233247757
199,2.965686559677124,-1.4365589618682861,-0.4645289182662964,-0.0593218132853508
200,1.8800921440124512,-1.2734534740447998,-0.6765168309211731,0.745344340801239
201,0.22363725304603577,1.2294859886169434,0.04888085275888443,-0.3187236785888672
202,-0.37939122319221497,-0.6915379762649536,1.8902631998062134,0.04903344810009003
203,0.26876309514045715,0.5400952696800232,-0.17929016053676605,0.49220526218414307
204,1.9359780550003052,-1.2511649131774902,-0.6641935110092163,0.6815667152404785
205,-1.43509042263031,2.295433759689331,0.08513650298118591,-0.7119689583778381
206,1.9359780550003052,-1.2511649131774902,-0.6641935110092163,0.6815667152404785
207,-0.140205517411232,-0.8928948044776917,1.1642069816589355,0.5023349523544312
208,-0.2784383296966553,1.2106188535690308,-0.34810662269592285,0.3282560110092163
209,-0.6948119401931763,1.9238837957382202,0.3897409439086914,-0.9207556843757629
210,-0.38008812069892883,1.4019904136657715,0.03402021899819374,0.07130904495716095
211,-1.0955703258514404,2.244335889816284,-0.6687873005867004,0.3644084334373474
212,0.688556969165802,1.1450713872909546,-0.7414906024932861,0.03685589134693146
213,0.7276055812835693,0.7194286584854126,-0.55814129114151,-0.1820840835571289
214,3.3136026859283447,-1.8161289691925049,-0.7002149820327759,0.04082418978214264
215,-0.6475584506988525,2.334300994873047,-0.3990298807621002,-0.5230339765548706
216,0.6490339040756226,-1.1059813499450684,-0.6999565362930298,2.174936532974243
217,3.2590816020965576,-2.1114401817321777,-0.5999072194099426,0.26198887825012207
218,0.3077695965766907,-1.8006983995437622,0.8612807393074036,1.0782893896102905
219,-0.2414780855178833,-1.3470232486724854,-1.139694333076477,3.0140302181243896
220,2.627178907394409,-1.5770769119262695,0.8866484761238098,-0.9379644989967346
221,1.4309813976287842,-1.8317073583602905,0.3710164725780487,0.7928040027618408
222,-0.2784383296966553,1.2106188535690308,-0.34810662269592285,0.3282560110092163
223,2.983238458633423,-1.8938217163085938,-0.9443598389625549,0.5515612959861755
224,-0.2784383296966553,1.2106188535690308,-0.34810662269592285,0.3282560110092163
225,0.44439899921417236,0.8709673285484314,-0.39978596568107605,0.1978979855775833
226,-1.1029715538024902,1.6252777576446533,0.8964777588844299,-0.7539477944374084
227,1.4449645280838013,-0.024863937869668007,-1.5683609247207642,0.838611900806427
228,0.8300920724868774,-1.289968490600586,-1.861384630203247,2.635383367538452
229,3.3890182971954346,-1.7531723976135254,-0.7150347828865051,-0.04683797061443329
230,0.8518445491790771,-2.0985631942749023,-0.02353253960609436,1.6984593868255615
231,1.2044577598571777,0.8039970397949219,-0.20994426310062408,-0.49154776334762573
232,0.08587242662906647,0.8672970533370972,-0.2813476324081421,0.5599867105484009
233,-0.09416696429252625,-0.1442514955997467,0.5540054440498352,1.1443151235580444
234,0.3946104943752289,0.8912760019302368,-1.0428916215896606,0.5110597014427185
235,-0.36484017968177795,0.5310304164886475,0.6488255262374878,0.13611026108264923
236,-0.7217172384262085,0.4246731102466583,-0.6711684465408325,1.6935173273086548
237,3.135200262069702,-1.8226903676986694,-0.9661811590194702,0.1626720279455185
238,1.792717456817627,-1.5150848627090454,1.3896112442016602,-0.5731945037841797
239,-0.360389769077301,1.6863337755203247,-0.6035612225532532,-0.053579606115818024
240,2.2505738735198975,-0.6711096167564392,-0.9195513725280762,0.4638187289237976
241,2.052603006362915,-0.8858019113540649,-0.5814412832260132,0.7884299755096436
242,3.0441105365753174,-1.835806965827942,-0.9532120227813721,0.21433718502521515
243,1.9359780550003052,-1.2511649131774902,-0.6641935110092163,0.6815667152404785
244,1.9359780550003052,-1.2511649131774902,-0.6641935110092163,0.6815667152404785
245,-1.1586185693740845,2.038395404815674,0.6037275195121765,-1.035549283027649
246,-0.028324779123067856,0.3057250380516052,1.7184162139892578,-0.5894440412521362
247,0.11701999604701996,0.6516309976577759,1.225624918937683,-0.6842188239097595
248,3.3890182971954346,-1.7531723976135254,-0.7150347828865051,-0.04683797061443329
249,2.3641467094421387,-0.7383015751838684,-1.6608247756958008,1.144476056098938
250,-0.49348413944244385,-0.02508142776787281,-0.012024029158055782,1.3185088634490967
251,1.4341459274291992,0.17462612688541412,-0.32422149181365967,-0.18447469174861908
252,0.4654054045677185,-0.0068951565772295,-0.18648281693458557,0.9611712098121643
253,-0.3740348517894745,-0.24571464955806732,-0.39564526081085205,1.1688312292099
254,3.0441105365753174,-1.835806965827942,-0.9532120227813721,0.21433718502521515
255,-1.036947250366211,3.1838760375976562,-0.39546698331832886,-1.6812968254089355
256,-1.389892816543579,2.3161838054656982,0.13861143589019775,-0.8803259134292603
257,-0.2784383296966553,1.2106188535690308,-0.34810662269592285,0.3282560110092163
258,-1.1518831253051758,2.0143940448760986,0.4050433933734894,-0.5711596608161926
259,-0.9051472544670105,-1.5942230224609375,1.2634795904159546,1.5010862350463867
260,1.8353698253631592,-0.19850939512252808,-0.4088791608810425,0.22145064175128937
261,-0.2673405110836029,-0.2908689081668854,1.4656888246536255,0.28343236446380615
262,0.6213306188583374,0.670910120010376,-0.4506557583808899,0.5233436226844788
263,3.3382761478424072,-1.8588730096817017,-0.5973142385482788,-0.035320475697517395
264,1.9359780550003052,-1.2511649131774902,-0.6641935110092163,0.6815667152404785
265,-1.2094427347183228,2.239635705947876,-0.6303765177726746,0.23017992079257965
266,1.9497809410095215,-1.1434448957443237,-0.7098867297172546,0.4818305969238281
267,-0.2776866853237152,-1.5007843971252441,0.23767636716365814,1.9262206554412842
268,0.25047603249549866,-0.8490495681762695,0.2751558721065521,1.3401402235031128
269,3.3890182971954346,-1.7531723976135254,-0.7150347828865051,-0.04683797061443329
270,-0.8040266633033752,0.8541449308395386,0.7486111521720886,-0.2907208204269409
271,0.6271746158599854,1.1980743408203125,-0.8657265305519104,-0.2246384173631668
272,-1.2889231443405151,-0.5062774419784546,0.37291765213012695,1.9158449172973633
273,0.708702802658081,-1.809313416481018,1.7492769956588745,0.2465975135564804
274,3.3136026859283447,-1.8161289691925049,-0.7002149820327759,0.04082418978214264
275,1.792514443397522,-0.5978921055793762,-0.47737637162208557,0.5848397016525269
276,2.955050230026245,-1.7466861009597778,-0.6865017414093018,0.3081892728805542
277,0.5300620794296265,0.658833384513855,-0.4282602071762085,0.4813830852508545
278,0.054864998906850815,0.42089566588401794,-1.6847563982009888,1.7945501804351807
279,-0.6936278343200684,-0.24811609089374542,2.256408452987671,-0.4154207110404968
280,-1.377991795539856,2.7242162227630615,-0.03688298910856247,-1.2867478132247925
281,0.43546247482299805,0.36402979493141174,0.06663327664136887,0.3655853867530823
282,1.2160758972167969,-2.0571484565734863,1.119156837463379,0.5445956587791443
283,1.9359780550003052,-1.2511649131774902,-0.6641935110092163,0.6815667152404785
284,-0.22180643677711487,0.9634857177734375,0.5393056273460388,-0.06825719773769379
285,0.1137411892414093,-0.9154912829399109,0.056503549218177795,1.1357797384262085
286,-1.373934268951416,2.697268009185791,0.2468961924314499,-1.2614099979400635
287,0.3186964690685272,1.4441554546356201,-1.2070006132125854,0.552717924118042
288,-0.7587908506393433,-0.13582134246826172,2.6430931091308594,-0.9279212951660156
289,-0.756425142288208,-0.07581570744514465,1.3595861196517944,0.2327723652124405
290,0.5447193384170532,-0.9165218472480774,0.7800409197807312,0.6482958197593689
291,-0.7130154967308044,1.0977089405059814,-0.07195673882961273,0.4119596481323242
292,-0.6860493421554565,1.8303475379943848,-0.2021985799074173,0.0350562185049057
293,1.8365671634674072,-1.235992431640625,-0.23370708525180817,0.49596017599105835
294,-1.2003982067108154,1.6315207481384277,0.6366764903068542,-0.8942804336547852
295,1.9749703407287598,-0.9721018671989441,-0.21786697208881378,0.16802413761615753
296,-0.46117284893989563,2.0144331455230713,-0.052963316440582275,-0.8170650601387024
297,0.9697705507278442,-0.7205278277397156,0.9916771054267883,-0.4779086112976074
298,2.6803066730499268,-1.8307069540023804,-1.4324558973312378,1.428040623664856
299,-0.6471495032310486,1.7538371086120605,0.8816644549369812,-1.291700005531311
300,0.7661198377609253,-1.4870628118515015,-1.0823330879211426,2.3235018253326416
301,-0.2784383296966553,1.2106188535690308,-0.34810662269592285,0.3282560110092163
302,3.0441105365753174,-1.835806965827942,-0.9532120227813721,0.21433718502521515
303,1.9359780550003052,-1.2511649131774902,-0.6641935110092163,0.6815667152404785
304,-0.220174640417099,-1.1741615533828735,0.09323670715093613,1.7896085977554321
305,-1.4197967052459717,2.980067491531372,-0.3684018850326538,-1.0561352968215942
306,0.9732938408851624,-1.3783386945724487,-1.189631700515747,2.473696231842041
307,2.643517017364502,-1.3003294467926025,-1.1558009386062622,1.0282851457595825
308,-0.046397093683481216,-0.3453330099582672,0.6048707962036133,1.1024317741394043
309,3.0625247955322266,-1.1296236515045166,-1.2283188104629517,0.27791887521743774
310,1.9359780550003052,-1.2511649131774902,-0.6641935110092163,0.6815667152404785
311,-0.7476171255111694,1.961702585220337,-0.1115109771490097,-0.5108163356781006
312,3.3890182971954346,-1.7531723976135254,-0.7150347828865051,-0.04683797061443329
313,-1.3549280166625977,3.0171802043914795,-0.40815889835357666,-1.267125129699707
314,3.401723623275757,-1.4124356508255005,-0.5012959837913513,-0.36641258001327515
315,0.3946104943752289,0.8912760019302368,-1.0428916215896606,0.5110597014427185
316,-0.04012354835867882,0.7024854421615601,-0.6524383425712585,1.0847042798995972
317,1.0270472764968872,-1.3985555171966553,-0.5796110033988953,1.3666526079177856
318,3.3890182971954346,-1.7531723976135254,-0.7150347828865051,-0.04683797061443329
319,1.3484382629394531,-0.7135519981384277,-0.8870391249656677,1.5116482973098755
320,0.3848525881767273,0.23563048243522644,-0.7065638899803162,1.2476749420166016
321,-0.5130339860916138,1.142012119293213,-0.21097378432750702,0.17800675332546234
322,-1.3855490684509277,3.189282178878784,-0.4167622923851013,-1.2858108282089233
323,0.8356164693832397,0.48323819041252136,-0.2779611349105835,0.2107517123222351
324,1.9949805736541748,-0.024113303050398827,-0.3761458396911621,-0.3333759307861328
325,0.4785611629486084,0.23084361851215363,1.7814449071884155,-1.5833549499511719
326,0.8726198673248291,-1.726844072341919,-0.5036477446556091,1.7607449293136597
327,-0.353557288646698,-0.5996801853179932,1.9506014585494995,-0.05292535573244095
328,1.4794878959655762,-0.3855011761188507,-1.134293556213379,1.0012187957763672
329,1.701032280921936,-0.6692047119140625,-0.9545504450798035,1.0894988775253296
330,2.191155195236206,-1.8588721752166748,0.4585583806037903,0.037901654839515686
331,-0.8795855045318604,2.0578129291534424,-0.3399169147014618,-0.3950619101524353
332,3.285285234451294,-1.9025757312774658,-0.6438382267951965,0.10166485607624054
333,0.1317671686410904,-1.5203906297683716,-0.5533490180969238,2.668337345123291
334,0.11717201769351959,-0.11363720893859863,0.12018240243196487,1.1623328924179077
335,3.1133382320404053,-1.3387970924377441,-0.4397319555282593,-0.1660081297159195
336,0.49126723408699036,-0.06620869040489197,-0.3374488055706024,1.2302473783493042
337,0.6351864337921143,-0.183980330824852,-0.5464088320732117,1.4781317710876465
338,0.8686941266059875,0.5664327144622803,0.10527613759040833,-0.1919378787279129
339,-0.2194574773311615,-1.5997281074523926,-0.06400592625141144,1.9812878370285034
340,1.0784533023834229,-0.2343204766511917,0.04635030776262283,0.5401261448860168
341,-0.47325146198272705,1.574865698814392,-0.14054711163043976,0.1023169606924057
342,-1.3192834854125977,2.1051206588745117,0.769938051700592,-1.0667990446090698
343,-0.7206620573997498,2.056474447250366,0.16118863224983215,-0.7771371603012085
344,-0.32754218578338623,-1.1177799701690674,1.9806652069091797,0.5515307784080505
345,1.7202227115631104,-1.1108654737472534,-0.5019294619560242,0.609975278377533
346,0.31487661600112915,1.0770461559295654,0.003583052195608616,-0.2492925375699997
347,0.7801685929298401,-0.26216956973075867,0.5682574510574341,0.17743845283985138
348,-0.08637233078479767,-1.0726820230484009,-1.2699565887451172,2.993124008178711
349,-0.9869017601013184,1.476569414138794,1.1461193561553955,-1.1744740009307861
350,2.71150279045105,-2.0635273456573486,-0.10697809606790543,0.19532941281795502
351,-0.0349109023809433,-0.743515133857727,-1.738930344581604,2.830026626586914
352,-0.1342393010854721,-1.4981400966644287,-1.3327234983444214,3.4734818935394287
353,0.19186550378799438,-1.0427274703979492,-1.6717828512191772,2.9547863006591797
354,-1.005821704864502,1.1389144659042358,1.7982538938522339,-1.4842686653137207
355,-0.5577495694160461,1.5555307865142822,0.42203986644744873,-0.6415839195251465
356,-0.6254657506942749,2.1933951377868652,-0.2238626927137375,-0.4784134030342102
357,2.286749839782715,-1.4501185417175293,-0.6279303431510925,0.4410501718521118
358,0.9421422481536865,0.025779737159609795,-0.37883129715919495,0.5108945965766907
359,-1.5007684230804443,2.9455459117889404,-0.5435979962348938,-0.7475528120994568
360,1.9359780550003052,-1.2511649131774902,-0.6641935110092163,0.6815667152404785
361,-1.3286705017089844,2.868713617324829,-0.4542485475540161,-0.7371219992637634
362,1.9359780550003052,-1.2511649131774902,-0.6641935110092163,0.6815667152404785
363,2.52376389503479,-1.96097731590271,-0.11174650490283966,0.3944167494773865
364,0.23014740645885468,0.20525366067886353,0.6394036412239075,0.08886468410491943
365,3.0441105365753174,-1.835806965827942,-0.9532120227813721,0.21433718502521515
366,-0.47185587882995605,-1.3158878087997437,0.937213122844696,1.4817702770233154
367,0.6963875889778137,0.8810608386993408,-0.4960131049156189,0.12617217004299164
368,0.529965877532959,0.5028097629547119,-0.622782826423645,0.49808889627456665
369,3.3136026859283447,-1.8161289691925049,-0.7002149820327759,0.04082418978214264
370,1.8856031894683838,-2.1953513622283936,0.6127728819847107,0.3390663266181946
371,-1.0007081031799316,3.268592596054077,-0.7062779664993286,-1.4372496604919434
372,-0.04120967164635658,-0.8792176842689514,0.04953673854470253,1.4064987897872925
373,0.00464741513133049,1.8396234512329102,-0.034854598343372345,-0.7427510023117065
374,3.2421257495880127,-2.0932116508483887,-0.6789567470550537,0.22484619915485382
375,-0.2359350621700287,1.2827905416488647,-0.24478422105312347,0.45645010471343994
376,-0.46433478593826294,0.2515190541744232,1.8383772373199463,-0.5184555053710938
377,-1.0823174715042114,1.5098340511322021,0.25877660512924194,-0.16875316202640533
378,2.163684844970703,-0.3517075479030609,-0.09073746204376221,-0.46236956119537354
379,0.8682454824447632,-2.3144636154174805,-0.5731856226921082,2.191378355026245
380,2.5151774883270264,-1.811962604522705,-0.729042112827301,0.6873704791069031
381,1.397249460220337,-0.6934151649475098,-1.0806818008422852,1.542952299118042
382,1.9359780550003052,-1.2511649131774902,-0.6641935110092163,0.6815667152404785
383,1.9359780550003052,-1.2511649131774902,-0.6641935110092163,0.6815667152404785
384,0.513222336769104,0.5972152948379517,0.48149415850639343,-0.2697750926017761
385,-0.4887794852256775,1.9497592449188232,0.09262068569660187,-0.5491921305656433
386,3.0047740936279297,-0.7633872032165527,-1.538655400276184,0.39464521408081055
387,1.9359780550003052,-1.2511649131774902,-0.6641935110092163,0.6815667152404785
388,1.430648684501648,1.4647727012634277,-0.7670370936393738,-0.991445779800415
389,2.996586322784424,-1.9472854137420654,-0.5735392570495605,0.3666682839393616
390,2.9939515590667725,-1.5975110530853271,-0.9436542987823486,0.3371829390525818
391,0.6445895433425903,-1.4126098155975342,1.6856783628463745,-0.18416669964790344
392,-0.822005033493042,-0.47331956028938293,2.388543128967285,-0.2507627606391907
393,-1.2369613647460938,2.0321478843688965,0.38486069440841675,-0.5743600726127625
394,-1.4735490083694458,2.7298638820648193,0.07384863495826721,-1.0812197923660278
395,1.2493455410003662,-1.5593887567520142,-1.1096328496932983,2.2908718585968018
396,0.4869513511657715,1.6438740491867065,-0.26608163118362427,-0.3785827159881592
397,0.332224577665329,0.2174559384584427,0.07151177525520325,0.5199663043022156
398,1.8800921440124512,-1.2734534740447998,-0.6765168309211731,0.745344340801239
399,0.717992901802063,0.406388521194458,0.16946743428707123,-0.10578902065753937
400,-1.9211695194244385,1.5778931379318237,0.9690858721733093,-0.666419506072998
401,-0.6743350625038147,2.83303165435791,-0.45904433727264404,-1.3342913389205933
402,-0.4945870041847229,0.784170925617218,1.5315816402435303,-0.891162097454071
403,3.0441105365753174,-1.835806965827942,-0.9532120227813721,0.21433718502521515
404,1.3764725923538208,0.22384615242481232,-1.0804834365844727,0.7686571478843689
405,2.3016357421875,-1.4057923555374146,-0.6932381391525269,1.0007435083389282
406,-0.5509077906608582,0.3785178065299988,1.5842251777648926,-0.46711093187332153
407,-0.6044496893882751,0.7666356563568115,0.5984026789665222,-0.07424961775541306
408,-0.4499962627887726,1.8518352508544922,-0.4842982888221741,-0.3273082375526428
409,-0.9716535806655884,1.943594217300415,-0.08526323735713959,-0.029344826936721802
410,0.6299975514411926,-0.11853893101215363,-0.15306136012077332,0.6044360399246216
411,-0.6159723401069641,1.734815001487732,0.03738989681005478,-0.18279489874839783
412,-0.7349370121955872,1.1867085695266724,1.5473978519439697,-1.3886401653289795
413,2.102583169937134,-1.8995341062545776,0.3403487801551819,0.34175318479537964
414,0.6886891722679138,-2.1377546787261963,1.7652939558029175,0.10850605368614197
415,-0.03672662749886513,-1.3415570259094238,2.638779640197754,-0.10192324221134186
416,-1.3924859762191772,2.270271062850952,0.430735319852829,-0.687261700630188
417,3.184891939163208,-0.3200458288192749,-1.072206735610962,-0.56767737865448
418,-0.8519812822341919,2.9846928119659424,-0.8108410239219666,-0.9228689670562744
419,0.1673654317855835,0.669501543045044,-0.7754355072975159,0.5698270201683044
420,2.116194486618042,-0.6073651909828186,-1.4449563026428223,0.9167572855949402
421,0.44253724813461304,-0.9001336097717285,-1.206088900566101,2.3208768367767334
422,0.07999418675899506,1.8275551795959473,0.17195889353752136,-0.849306046962738
423,3.271103858947754,-1.8948533535003662,-0.6873294711112976,0.11434277892112732
424,0.7551467418670654,-1.7079293727874756,0.6114286780357361,1.254760503768921
425,3.442507028579712,-1.7490308284759521,-0.7110956311225891,-0.06728800386190414
426,2.134312391281128,-0.8255370855331421,-0.9421625137329102,0.08599520474672318
427,0.7196731567382812,0.3984515964984894,-0.29159653186798096,0.2275550812482834
428,-0.8265814781188965,2.1248908042907715,-0.07040881365537643,-0.46265846490859985
429,1.9359780550003052,-1.2511649131774902,-0.6641935110092163,0.6815667152404785
430,0.3962937593460083,-0.4416734576225281,1.0881928205490112,0.027793049812316895
431,1.8800921440124512,-1.2734534740447998,-0.6765168309211731,0.745344340801239
432,-0.4063630700111389,1.5147767066955566,0.1334812194108963,-0.25652259588241577
433,-0.887140154838562,2.301386833190918,0.17004068195819855,-1.0894943475723267
434,-0.09732116758823395,0.495593398809433,0.34602710604667664,0.011991336941719055
435,0.6717963814735413,-2.029480218887329,-0.8671438694000244,2.466881513595581
436,0.2379549741744995,0.903059184551239,-0.28455114364624023,0.2236633449792862
437,-0.8473320603370667,1.2091126441955566,-0.2818050980567932,0.8334111571311951
438,0.8831666707992554,0.03952339291572571,-1.1582155227661133,0.8177240490913391
439,-0.4454164505004883,2.4818203449249268,-0.09894457459449768,-1.3814325332641602
440,-0.13056066632270813,1.320056438446045,-0.12239970266819,0.06586828827857971
441,0.35718971490859985,-1.1816807985305786,-0.6863736510276794,2.0672547817230225
442,-0.08483855426311493,1.0892211198806763,0.5356782078742981,-0.4892542362213135
443,0.4654054045677185,-0.0068951565772295,-0.18648281693458557,0.9611712098121643
444,-0.7547630667686462,-0.5156678557395935,-0.8958997130393982,2.5510663986206055
445,3.1543591022491455,-1.7105674743652344,-0.25037434697151184,-0.4923619031906128
446,0.8556101322174072,-0.3246573209762573,-0.8600773811340332,1.5837363004684448
447,-0.3388739824295044,2.5246999263763428,-0.3191770315170288,-1.1828513145446777
448,-1.3700803518295288,2.5079095363616943,-0.014578248374164104,-0.7074298858642578
449,0.9474514126777649,0.8558416366577148,-0.861557126045227,0.5255489945411682
450,1.4095022678375244,0.088093101978302,-0.9833076596260071,0.4001409411430359
451,1.9359780550003052,-1.2511649131774902,-0.6641935110092163,0.6815667152404785
452,1.9949805736541748,-0.024113303050398827,-0.3761458396911621,-0.3333759307861328
453,1.0912449359893799,-2.509615659713745,-0.08951941877603531,1.7944941520690918
454,0.31487661600112915,1.0770461559295654,0.003583052195608616,-0.2492925375699997
455,1.301276445388794,-1.2266660928726196,-0.010118446312844753,0.43418991565704346
456,-0.8156763315200806,0.5312896966934204,1.333170771598816,-0.4457634687423706
457,1.0796074867248535,0.024109160527586937,-0.02968447655439377,0.07868123054504395
458,-0.11119312047958374,1.2047221660614014,0.7759186625480652,-0.8468313813209534
459,0.9215800762176514,-0.04564746096730232,-0.28321969509124756,0.8042400479316711
460,1.2988983392715454,-2.230314254760742,0.21310020983219147,1.034011721611023
461,0.8854966163635254,0.23782648146152496,-0.374581515789032,0.42371314764022827
462,1.7001173496246338,-2.3286170959472656,-0.7697824239730835,1.8788527250289917
463,0.26876309514045715,0.5400952696800232,-0.17929016053676605,0.49220526218414307
464,1.9359780550003052,-1.2511649131774902,-0.6641935110092163,0.6815667152404785
465,-0.6644899845123291,0.27398157119750977,0.05872194468975067,1.2710343599319458
466,-0.40624532103538513,0.9748236536979675,0.07418695837259293,0.3105371594429016
467,-1.0602809190750122,2.6174888610839844,-0.011610082350671291,-1.0257643461227417
468,3.3890182971954346,-1.7531723976135254,-0.7150347828865051,-0.04683797061443329
469,3.3890182971954346,-1.7531723976135254,-0.7150347828865051,-0.04683797061443329
470,2.957829713821411,-2.0290091037750244,-0.22736185789108276,-0.2570456266403198
471,-0.4728275537490845,0.24629350006580353,1.512315034866333,-0.41386282444000244
472,1.364780068397522,-1.4392486810684204,-1.1540226936340332,1.5986577272415161
473,0.562231183052063,-0.5705277919769287,0.053891099989414215,1.1836771965026855
474,3.3136026859283447,-1.8161289691925049,-0.7002149820327759,0.04082418978214264
475,1.9160780906677246,-1.0076888799667358,-0.25265905261039734,0.24847842752933502
476,-0.5925235748291016,1.7209547758102417,-0.24009843170642853,-0.0951974093914032
477,-1.0093907117843628,2.0277960300445557,-0.4388851523399353,0.006237700581550598
478,0.8929795026779175,-0.5030667185783386,-0.7214946746826172,1.250237226486206
479,1.354764699935913,-1.7891932725906372,0.7300421595573425,0.3097081184387207
480,-0.85024094581604,2.60003399848938,-0.8401399850845337,-0.22475652396678925
481,-0.634334146976471,1.6803069114685059,-0.7920849919319153,0.5069844722747803
482,3.3136026859283447,-1.8161289691925049,-0.7002149820327759,0.04082418978214264
483,2.683856248855591,-2.2442612648010254,-0.044821806252002716,0.12470541894435883
484,1.635222315788269,-1.4903277158737183,-1.5303055047988892,1.9120608568191528
485,0.3962937593460083,-0.4416734576225281,1.0881928205490112,0.027793049812316895
486,0.48989564180374146,-0.885337233543396,2.2296407222747803,-0.600010335445404
487,0.09788517653942108,0.9630987644195557,0.05553889274597168,0.06802509725093842
488,-1.328127145767212,2.288099527359009,-0.4638315439224243,-0.08695928007364273
489,1.9359780550003052,-1.2511649131774902,-0.6641935110092163,0.6815667152404785
490,3.3890182971954346,-1.7531723976135254,-0.7150347828865051,-0.04683797061443329
491,0.3219750225543976,-1.2027431726455688,-1.7484841346740723,3.211405038833618
492,1.8800921440124512,-1.2734534740447998,-0.6765168309211731,0.745344340801239
493,1.9742372035980225,-2.1405019760131836,0.006361057050526142,0.6409098505973816
494,-1.169450044631958,3.0445287227630615,-0.696412980556488,-0.8897395730018616
495,1.3352761268615723,0.26942458748817444,-0.19411447644233704,-0.5069214701652527
496,1.9040324687957764,-1.2423886060714722,-0.6699537634849548,0.7103716731071472
497,-0.9828709363937378,2.74729585647583,-0.8560085892677307,-0.32775169610977173
498,-0.6666153073310852,-1.0316998958587646,1.13340163230896,1.2760401964187622
499,-0.40803053975105286,2.04067325592041,-0.09000344574451447,-0.7553060054779053
500,-0.709710419178009,2.9074180126190186,-0.42513495683670044,-1.3085620403289795
501,-1.1798386573791504,1.6596804857254028,0.4543209671974182,-0.05615535378456116
502,0.030727975070476532,-0.024959975853562355,-0.4743874967098236,1.4427908658981323
503,0.11717201769351959,-0.11363720893859863,0.12018240243196487,1.1623328924179077
504,1.718015193939209,-1.3565559387207031,-0.46720823645591736,0.8286970853805542
505,-0.6963489055633545,1.0538383722305298,0.9214253425598145,-0.177715465426445
506,-1.219763159751892,2.957751989364624,-0.5010826587677002,-1.0644420385360718
507,-0.6984401941299438,-1.1394519805908203,-1.5346487760543823,3.5162432193756104
508,-1.4996459484100342,2.551287889480591,-0.21247826516628265,-1.0291645526885986
509,0.17492011189460754,0.2539170980453491,1.0399703979492188,-0.2545406222343445
510,1.9359780550003052,-1.2511649131774902,-0.6641935110092163,0.6815667152404785
511,-0.8760058283805847,-0.4681723415851593,0.0364040732383728,1.8893485069274902
512,-1.4566329717636108,1.01065993309021,1.915988802909851,-0.9497067332267761
513,-0.8993411064147949,2.3650600910186768,-0.493821918964386,-0.6805990934371948
514,-0.6361132264137268,2.385113477706909,-0.1082257479429245,-0.7989180088043213
515,2.4591450691223145,-1.1651440858840942,-0.7524594664573669,0.5511109232902527
516,0.9361671209335327,-1.0562738180160522,0.8266615867614746,0.6581244468688965
517,-0.21458998322486877,-0.1480209231376648,0.5267520546913147,0.8789411187171936
518,1.9040324687957764,-1.2423886060714722,-0.6699537634849548,0.7103716731071472
519,3.0431368350982666,-2.0994391441345215,0.025507107377052307,-0.21928122639656067
520,0.08127278089523315,-0.6812862753868103,2.3605966567993164,-0.8860988020896912
521,-1.4826064109802246,1.2023564577102661,-0.06687101721763611,0.8157979846000671
522,1.970485806465149,-1.269879698753357,-0.7496538758277893,0.7461531758308411
523,-0.32754218578338623,-1.1177799701690674,1.9806652069091797,0.5515307784080505
524,3.2695810794830322,-1.5818378925323486,-0.2067195028066635,-0.4922412633895874
525,3.3890182971954346,-1.7531723976135254,-0.7150347828865051,-0.04683797061443329
526,3.3026106357574463,-1.8681344985961914,-0.6759793162345886,0.09536852687597275
527,1.1270886659622192,-1.4820195436477661,-0.6719103455543518,1.4079862833023071
528,2.854919195175171,-2.2859230041503906,0.19817663729190826,-0.0565471351146698
529,3.6608188152313232,-1.7835021018981934,-0.681641161441803,-0.43419986963272095
530,-0.4899787902832031,-0.37130871415138245,2.0988118648529053,-0.579003632068634
531,-0.9347326159477234,-0.9925093650817871,-0.6722697019577026,3.0781819820404053
532,-0.5122581720352173,2.1129958629608154,0.15085801482200623,-0.5750831365585327
533,-0.829613983631134,-0.3715727627277374,2.7832090854644775,-0.5629469156265259
534,0.31487661600112915,1.0770461559295654,0.003583052195608616,-0.2492925375699997
535,1.974225401878357,-0.9677821397781372,-0.43910813331604004,0.35382968187332153
536,2.628509998321533,-1.8546159267425537,0.33992958068847656,-0.3648252487182617
537,0.8076519966125488,0.639828622341156,-0.22285433113574982,-0.014177143573760986
538,0.9899489879608154,-1.8030129671096802,-0.9483105540275574,2.3297910690307617
539,1.1743775606155396,0.4624210596084595,-0.7571012377738953,0.14706215262413025
540,0.20218759775161743,1.1726741790771484,-0.22901208698749542,0.051442936062812805
541,-0.39856234192848206,0.7737650275230408,0.533622682094574,-0.022864416241645813
542,3.3890182971954346,-1.7531723976135254,-0.7150347828865051,-0.04683797061443329
543,-0.222828209400177,1.2987792491912842,0.8939828872680664,-0.9453272223472595
544,-1.2216854095458984,3.049791097640991,-0.6489248871803284,-0.8922845125198364
545,3.3136026859283447,-1.8161289691925049,-0.7002149820327759,0.04082418978214264
546,-0.46325376629829407,0.15405617654323578,1.8539328575134277,-0.4358872175216675
547,-1.2999883890151978,2.7659661769866943,-0.505345344543457,-1.1273247003555298
548,0.9314007759094238,-0.14740116894245148,0.9309024214744568,-0.4334757924079895
549,0.9110897183418274,-0.503935694694519,-0.02643321454524994,0.4363306164741516
550,2.3960602283477783,-2.0172057151794434,0.22796626389026642,0.1624278873205185
551,0.5054852366447449,0.3062160313129425,-0.5694937109947205,0.47502440214157104
552,-0.24176234006881714,1.439671277999878,-0.2573506534099579,-0.16954560577869415
553,0.049165960401296616,0.6415802240371704,0.3307957351207733,0.4534435272216797
554,3.3809869289398193,-2.164687156677246,0.002580118365585804,-0.5145001411437988
555,2.0582823753356934,-1.9438974857330322,0.7644349932670593,-0.13046951591968536
556,-0.02074773982167244,-0.4571435749530792,1.9143763780593872,-0.33840399980545044
557,0.4001122713088989,-1.0846714973449707,2.4383628368377686,-0.6112434267997742
558,1.9359780550003052,-1.2511649131774902,-0.6641935110092163,0.6815667152404785
559,-0.05832028016448021,0.6406432390213013,0.5488216280937195,-0.13754518330097198
560,3.0441105365753174,-1.835806965827942,-0.9532120227813721,0.21433718502521515
561,2.894742727279663,-1.730981469154358,-0.016358431428670883,-0.30788910388946533
562,1.0403841733932495,-2.049940824508667,1.2820584774017334,0.4369618892669678
563,-1.5933406352996826,1.7690138816833496,1.2238394021987915,-1.1749285459518433
564,0.9256205558776855,-0.8791816234588623,0.6410608887672424,0.09423381090164185
565,-0.13528898358345032,1.944885492324829,-0.7034053802490234,0.15668228268623352
566,1.9359780550003052,-1.2511649131774902,-0.6641935110092163,0.6815667152404785
567,3.389331340789795,-1.086525559425354,-0.9178262948989868,-0.5038689374923706
568,1.0848332643508911,-1.1670305728912354,0.8917203545570374,0.18676431477069855
569,-0.4838629961013794,0.607002317905426,1.7444669008255005,-0.8491390347480774
570,-0.6928393840789795,-0.07245726883411407,1.9141013622283936,-0.2714783847332001
571,0.8726198673248291,-1.726844072341919,-0.5036477446556091,1.7607449293136597
572,1.9359780550003052,-1.2511649131774902,-0.6641935110092163,0.6815667152404785
573,-0.6760059595108032,-0.17149345576763153,2.18803071975708,-0.14172685146331787
574,0.31487661600112915,1.0770461559295654,0.003583052195608616,-0.2492925375699997
575,1.6704243421554565,-1.1903283596038818,-0.6700707077980042,0.8005797266960144
576,0.06589375436306,-1.390262246131897,2.695438861846924,-0.3452719449996948
577,1.2343006134033203,-0.7486600875854492,-0.769805371761322,1.4563210010528564
578,0.9717138409614563,-1.2161678075790405,-0.19450856745243073,1.2218042612075806
579,2.052603006362915,-0.8858019113540649,-0.5814412832260132,0.7884299755096436
580,-0.7443737387657166,2.1076877117156982,-0.3190903067588806,-0.18930493295192719
581,0.8726198673248291,-1.726844072341919,-0.5036477446556091,1.7607449293136597
582,-0.3731372058391571,1.4905219078063965,0.21417956054210663,-0.41564440727233887
583,3.2978060245513916,-1.9162408113479614,-0.6643588542938232,0.11871296167373657
584,0.9215800762176514,-0.04564746096730232,-0.28321969509124756,0.8042400479316711
585,-0.22017540037631989,0.3560197353363037,1.2274671792984009,0.002152077853679657
586,-0.3034517765045166,1.0650490522384644,0.899722695350647,-0.6209222674369812
587,0.23564307391643524,-1.4140009880065918,-1.7382100820541382,3.1621158123016357
588,3.091217517852783,-0.8203744292259216,-1.3003931045532227,0.2822837233543396
589,-0.9851139783859253,2.8380236625671387,-0.503827691078186,-1.1069462299346924
590,3.3890182971954346,-1.7531723976135254,-0.7150347828865051,-0.04683797061443329
591,-0.7256099581718445,2.5342018604278564,-0.766478419303894,-0.747458279132843
592,0.0817728042602539,-0.5917601585388184,1.2257455587387085,0.12233497202396393
593,3.0441105365753174,-1.835806965827942,-0.9532120227813721,0.21433718502521515
594,-0.572018027305603,0.673788845539093,0.732889711856842,-0.0889868512749672
595,0.31487661600112915,1.0770461559295654,0.003583052195608616,-0.2492925375699997
596,-0.12163436412811279,-1.7190533876419067,0.4719250798225403,2.2958831787109375
597,-0.701336145401001,0.64532071352005,1.3803547620773315,-0.6225560307502747
598,-0.43136635422706604,0.5796432495117188,0.32772478461265564,0.36905962228775024
599,3.0413625240325928,-0.7495948076248169,-1.1838477849960327,-0.19071443378925323
600,0.5286686420440674,-0.6845273971557617,-0.33975520730018616,1.704744577407837
601,3.3890182971954346,-1.7531723976135254,-0.7150347828865051,-0.04683797061443329
602,-0.5789603590965271,2.293215274810791,-0.19004328548908234,-0.9127000570297241
603,-1.3619987964630127,2.8861873149871826,-0.6870394349098206,-0.7061991691589355
604,1.7116365432739258,-1.4059852361679077,-0.37421900033950806,0.6214160919189453
605,-0.5158583521842957,1.02512526512146,0.6807136535644531,-0.17488215863704681
606,0.14202652871608734,0.7542120814323425,-0.7669100761413574,0.7336097359657288
607,1.9359780550003052,-1.2511649131774902,-0.6641935110092163,0.6815667152404785
608,0.15149939060211182,-0.6360127329826355,0.0643051490187645,1.5066472291946411
609,-0.1644357442855835,0.9905941486358643,0.11684313416481018,0.07418369501829147
610,-1.1448111534118652,3.161402463912964,-0.7197117805480957,-1.4212173223495483
611,-0.1431698054075241,0.09573058784008026,1.7605186700820923,-0.6426059603691101
612,-1.484147548675537,-0.11219070851802826,0.25851842761039734,1.8049442768096924
613,2.4370839595794678,-1.5978001356124878,-0.3880367875099182,0.38512909412384033
614,1.9040324687957764,-1.2423886060714722,-0.6699537634849548,0.7103716731071472
615,1.3618910312652588,-1.6245334148406982,0.5662452578544617,0.5267494320869446
616,1.6900649070739746,-2.3486690521240234,0.2179994136095047,1.1351284980773926
617,2.286749839782715,-1.4501185417175293,-0.6279303431510925,0.4410501718521118
618,-1.5198007822036743,3.079294443130493,-0.5941590666770935,-1.0396775007247925
619,-0.6940310597419739,-1.089533805847168,-1.6168901920318604,3.7128350734710693
620,-0.13056066632270813,1.320056438446045,-0.12239970266819,0.06586828827857971
621,2.264256000518799,-2.4492297172546387,0.4939698576927185,0.24791087210178375
622,-0.31011322140693665,-0.128401517868042,1.3480339050292969,0.15080693364143372
623,-0.4245152473449707,0.6742987632751465,-0.7971267700195312,1.1039092540740967
624,1.9359780550003052,-1.2511649131774902,-0.6641935110092163,0.6815667152404785
625,-0.6319721937179565,0.06360921263694763,2.1082563400268555,-0.7096914649009705
626,1.9359780550003052,-1.2511649131774902,-0.6641935110092163,0.6815667152404785
627,3.015641927719116,-1.5887582302093506,-0.9770280122756958,0.38104259967803955
628,-0.8139100670814514,1.4364709854125977,0.3024310767650604,-0.001463465392589569
629,-0.03984716162085533,1.36018967628479,-0.19530998170375824,-0.47170519828796387
630,0.8704962730407715,-0.18318377435207367,-1.1839487552642822,1.6519984006881714
631,-1.3334879875183105,2.696227550506592,-0.009049414657056332,-1.3293808698654175
632,2.067150354385376,-1.2771862745285034,-0.74285888671875,0.6360451579093933
633,0.23933303356170654,-1.3080761432647705,0.9317450523376465,1.1192328929901123
634,2.4729275703430176,-1.7224873304367065,1.2156654596328735,-0.7551056146621704
635,0.26876309514045715,0.5400952696800232,-0.17929016053676605,0.49220526218414307
636,0.5834881663322449,0.6265970468521118,0.050286419689655304,-0.1811337023973465
637,-0.13172166049480438,1.1513023376464844,-0.4894769787788391,0.49549049139022827
638,-0.10725140571594238,-0.30138805508613586,0.22968937456607819,0.686126172542572
639,-0.07397215068340302,-0.6823182106018066,2.088909387588501,-0.38480132818222046
640,-0.4404083490371704,-1.0524004697799683,-1.8539963960647583,3.6554272174835205
641,0.2744391858577728,-0.24260438978672028,-0.5849334001541138,1.2353415489196777
642,0.09052546322345734,-0.4362542927265167,1.3655214309692383,-0.2181084007024765
643,2.052603006362915,-0.8858019113540649,-0.5814412832260132,0.7884299755096436
644,-0.8034160137176514,2.562225103378296,0.10683836042881012,-1.460018277168274
645,0.8900510668754578,-0.07132650911808014,-0.4269121289253235,1.050654649734497
646,-0.7488337755203247,2.705150842666626,-0.4844965934753418,-0.8446720242500305
647,0.6361193656921387,-0.7402756810188293,1.182876467704773,-0.06272420287132263
648,-1.2830214500427246,3.098229169845581,-0.6632129549980164,-1.2149895429611206
649,-0.3549047112464905,-1.0751680135726929,-0.04532356187701225,1.725655436515808
650,-0.7658870220184326,-0.14772607386112213,2.2914834022521973,-0.4997808337211609
651,3.3890182971954346,-1.7531723976135254,-0.7150347828865051,-0.04683797061443329
652,-1.0895295143127441,2.2578325271606445,0.2240111231803894,-1.1484360694885254
653,0.27729082107543945,0.30751609802246094,-0.13601301610469818,0.19529911875724792
654,3.0441105365753174,-1.835806965827942,-0.9532120227813721,0.21433718502521515
655,1.0623736381530762,-0.44325530529022217,-0.4851735234260559,1.094279170036316
656,-1.5067282915115356,2.5318737030029297,-0.049988701939582825,-0.7175236344337463
657,2.0656094551086426,-0.5063655376434326,-0.364177942276001,0.1165364533662796
658,-0.9691641330718994,2.585120439529419,-0.03855784609913826,-1.5531206130981445
659,-0.2596585750579834,-0.9554248452186584,2.7870826721191406,-0.7307540774345398
660,3.0441105365753174,-1.835806965827942,-0.9532120227813721,0.21433718502521515
661,-1.0090572834014893,2.4764082431793213,0.29200756549835205,-0.8335711359977722
662,-0.024521220475435257,0.3712838292121887,-0.05360531061887741,0.9249551296234131
663,3.4088551998138428,-1.78158438205719,-0.8543490767478943,-0.2125815749168396
664,-0.8407918810844421,2.6141645908355713,-0.14083802700042725,-1.3166449069976807
665,0.06953096389770508,-1.3568278551101685,2.721142292022705,-0.39855968952178955
666,0.6437285542488098,-0.22290386259555817,0.6093202233314514,0.11823847889900208
667,1.9359780550003052,-1.2511649131774902,-0.6641935110092163,0.6815667152404785
668,2.286749839782715,-1.4501185417175293,-0.6279303431510925,0.4410501718521118
669,1.4059447050094604,-2.2487316131591797,0.4460049271583557,1.0644347667694092
670,0.6963875889778137,0.8810608386993408,-0.4960131049156189,0.12617217004299164
671,-0.3058588206768036,0.9953854084014893,1.0215405225753784,-0.43462294340133667
672,-0.499397337436676,0.10440364480018616,0.9653919339179993,0.3820217251777649
673,-0.13056066632270813,1.320056438446045,-0.12239970266819,0.06586828827857971
674,1.9359780550003052,-1.2511649131774902,-0.6641935110092163,0.6815667152404785
675,3.043060779571533,-1.8352042436599731,-0.7663586139678955,0.2698720097541809
676,1.5567474365234375,-0.28875821828842163,-1.2322025299072266,1.3251489400863647
677,1.792514443397522,-0.5978921055793762,-0.47737637162208557,0.5848397016525269
678,0.05791467800736427,-1.0698819160461426,0.7899478077888489,0.8291519284248352
679,0.4255461096763611,-0.5767428278923035,0.3321053981781006,0.9774790406227112
680,0.16817468404769897,-0.780022382736206,2.5486693382263184,-0.6945286393165588
681,-0.07767380774021149,0.7294998168945312,0.42570751905441284,0.019016191363334656
682,-0.13172166049480438,1.1513023376464844,-0.4894769787788391,0.49549049139022827
683,0.6839554905891418,0.13666899502277374,0.4604550898075104,-0.26340940594673157
684,0.6280879974365234,-1.9612072706222534,-0.09718899428844452,1.8388561010360718
685,1.9283705949783325,-0.6003491282463074,-0.8462269306182861,0.592060923576355
686,1.1930813789367676,1.312213659286499,-1.2034615278244019,-0.154641792178154
687,3.3890182971954346,-1.7531723976135254,-0.7150347828865051,-0.04683797061443329
688,-1.0908292531967163,-0.33724895119667053,2.7052791118621826,-0.3853098750114441
689,0.07971018552780151,-0.8603830933570862,2.226679563522339,-0.40974462032318115
690,0.3087717294692993,0.5981883406639099,-0.564367949962616,0.9003430604934692
691,-1.4044233560562134,2.770781993865967,-0.3554808795452118,-1.0144466161727905
692,1.9359780550003052,-1.2511649131774902,-0.6641935110092163,0.6815667152404785
693,1.8800921440124512,-1.2734534740447998,-0.6765168309211731,0.745344340801239
694,0.3720836043357849,0.785432755947113,-0.5416015386581421,0.36505377292633057
695,2.4210007190704346,-1.2437245845794678,-0.9261378049850464,0.6267882585525513
696,1.9359780550003052,-1.2511649131774902,-0.6641935110092163,0.6815667152404785
697,-0.5925235748291016,1.7209547758102417,-0.24009843170642853,-0.0951974093914032
698,0.8293189406394958,-0.3234981596469879,-0.8461757302284241,1.702964186668396
699,0.9308683276176453,-0.9865451455116272,-0.21256691217422485,1.296642541885376
700,1.2435317039489746,-1.4244948625564575,0.8443737030029297,0.39901620149612427
701,-1.0912953615188599,2.155402660369873,-0.7647756338119507,0.4194226861000061
702,-1.1879866123199463,2.752342939376831,-1.1261413097381592,0.08501721918582916
703,-0.4056616425514221,0.014844058081507683,2.2562949657440186,-0.6473124027252197
704,-0.5748171806335449,-0.6357791423797607,2.549560308456421,-0.5395885109901428
705,-0.5362390875816345,1.380584478378296,-0.26867011189460754,0.22348107397556305
706,3.8886539936065674,-1.8910259008407593,-0.7669182419776917,-0.6478217244148254
707,1.8800921440124512,-1.2734534740447998,-0.6765168309211731,0.745344340801239
708,1.5202949047088623,0.2026197910308838,-0.7458641529083252,0.02857225388288498
709,-0.6215428113937378,2.513233184814453,-0.5532054901123047,-1.0074553489685059
710,-0.8497639894485474,1.4299085140228271,-0.25778061151504517,0.20615845918655396
711,0.0794028639793396,0.7076160907745361,1.9010765552520752,-1.6235136985778809
712,-0.7799420356750488,1.938857913017273,-0.059615448117256165,-0.9354027509689331
713,-0.7401178479194641,1.360522985458374,0.05497279763221741,-0.016215473413467407
714,-0.9887123107910156,0.9659828543663025,1.3661164045333862,-0.29784470796585083
715,-0.2871224582195282,-1.0714906454086304,2.6423099040985107,-0.5126587152481079
716,2.465503692626953,-1.5787266492843628,-0.759493887424469,0.5854350924491882
717,-0.347705215215683,1.3201618194580078,-0.13772179186344147,0.1636962741613388
718,2.219503402709961,-1.2428830862045288,-0.5290688276290894,0.2178405374288559
719,2.078375816345215,-1.3999935388565063,-0.9326186776161194,1.3145514726638794
720,3.338303804397583,-1.8361542224884033,-0.7118951678276062,0.039136968553066254
721,-1.0955921411514282,2.5166866779327393,-0.16701360046863556,-1.0265097618103027
722,-0.6417303085327148,0.9235353469848633,0.4746703505516052,-0.06542731821537018
723,3.3890182971954346,-1.7531723976135254,-0.7150347828865051,-0.04683797061443329
724,-0.977912425994873,0.413607656955719,0.34159520268440247,1.251977801322937
725,-1.0579849481582642,2.2223880290985107,-0.04465070739388466,-0.6663627624511719
726,-1.0440402030944824,2.566485643386841,-0.3880758285522461,-0.9135414361953735
727,-1.031813383102417,1.3180043697357178,1.2676405906677246,-0.9614158272743225
728,1.9359780550003052,-1.2511649131774902,-0.6641935110092163,0.6815667152404785
729,0.6091122031211853,0.4202814996242523,1.3292526006698608,-1.2958272695541382
730,-0.09416696429252625,-0.1442514955997467,0.5540054440498352,1.1443151235580444
731,1.9359780550003052,-1.2511649131774902,-0.6641935110092163,0.6815667152404785
732,1.6955938339233398,-0.40238308906555176,-1.617467999458313,0.9737128615379333
733,-0.6475584506988525,2.334300994873047,-0.3990298807621002,-0.5230339765548706
734,-0.19404618442058563,0.2803298532962799,0.9595773816108704,0.31036078929901123
735,-0.4517461061477661,1.789982557296753,-1.251158595085144,0.6694614291191101
736,0.11717201769351959,-0.11363720893859863,0.12018240243196487,1.1623328924179077
737,0.9415336847305298,-0.9098546504974365,-1.5801913738250732,2.281134843826294
738,-0.011847037822008133,2.3279342651367188,-0.7035672664642334,-0.7033077478408813
739,-0.5059272050857544,1.0327402353286743,0.7267393469810486,-0.17563559114933014
740,0.8386051654815674,0.4611612558364868,0.1808452308177948,-0.40088123083114624
741,1.6479637622833252,-1.1350901126861572,-0.677895724773407,0.8144627213478088
742,0.6351864337921143,-0.183980330824852,-0.5464088320732117,1.4781317710876465
743,-0.4443874657154083,2.3583083152770996,-1.032324194908142,-0.051229119300842285
744,3.3723740577697754,-2.278973340988159,-0.5420573353767395,0.061815425753593445
745,-0.2784383296966553,1.2106188535690308,-0.34810662269592285,0.3282560110092163
746,3.535646915435791,-1.6946468353271484,-0.8375283479690552,-0.12390650808811188
747,0.6786679029464722,-0.7254000902175903,0.5826573967933655,0.2774431109428406
748,1.8800921440124512,-1.2734534740447998,-0.6765168309211731,0.745344340801239
749,-0.8403839468955994,0.45941582322120667,1.2408487796783447,-0.23469120264053345
750,-0.6666082143783569,0.38595619797706604,-1.2357850074768066,1.982383131980896
751,0.0050603412091732025,-1.8780125379562378,2.0537476539611816,0.6173267960548401
752,0.7737491726875305,-1.8872549533843994,0.05831226706504822,1.6094664335250854
753,1.9359780550003052,-1.2511649131774902,-0.6641935110092163,0.6815667152404785
754,-1.036947250366211,3.1838760375976562,-0.39546698331832886,-1.6812968254089355
755,-0.5246715545654297,0.913664698600769,1.059877872467041,-0.4368213415145874
756,3.3526298999786377,-1.7158762216567993,-0.6689420938491821,-0.1008601039648056
757,1.429537057876587,-0.33423542976379395,-0.39559710025787354,0.33576732873916626
758,-0.7654277682304382,1.054088830947876,0.9407454133033752,-0.33555716276168823
759,0.03956058248877525,0.9134237766265869,-0.14713110029697418,0.004733771085739136
760,-0.4093387722969055,2.336341142654419,-0.29413777589797974,-0.7545997500419617
761,-0.6492820978164673,1.2723194360733032,1.1401652097702026,-0.9100721478462219
762,3.273419141769409,-1.844390869140625,-0.7183762788772583,0.1019442081451416
763,1.7616586685180664,-2.20188307762146,-0.46496647596359253,1.372632384300232
764,3.1951239109039307,-1.4578700065612793,-1.2342705726623535,0.3261071443557739
765,0.8726198673248291,-1.726844072341919,-0.5036477446556091,1.7607449293136597
766,1.9359780550003052,-1.2511649131774902,-0.6641935110092163,0.6815667152404785
767,-0.29074349999427795,1.0602893829345703,0.5796505808830261,-0.49691450595855713
768,-0.7572267055511475,-0.15125341713428497,1.1358333826065063,0.4552540183067322
769,1.8216965198516846,-2.103522777557373,-0.18226052820682526,1.151745080947876
770,2.0848379135131836,0.18517963588237762,-1.0707385540008545,-0.1295272707939148
771,0.11717201769351959,-0.11363720893859863,0.12018240243196487,1.1623328924179077
772,2.6526787281036377,-2.430833578109741,-0.6657410860061646,0.8289709091186523
773,2.4057700634002686,-0.7680850028991699,-0.6392411589622498,0.46733325719833374
774,0.916373610496521,0.7436081767082214,-0.7811625003814697,0.24759070575237274
775,-0.49475419521331787,-0.41299015283584595,0.7307557463645935,1.0375572443008423
776,0.2078048437833786,-0.26925137639045715,1.2135908603668213,0.29052287340164185
777,-0.8623941540718079,1.1950910091400146,-0.2135779708623886,0.8865311741828918
778,1.8634463548660278,-1.1176573038101196,-1.0820140838623047,1.5003067255020142
779,-1.2369613647460938,2.0321478843688965,0.38486069440841675,-0.5743600726127625
780,2.017918586730957,-2.293442726135254,1.1289054155349731,-0.18695461750030518
781,-0.7877588272094727,2.013793706893921,-0.11055906862020493,-0.6554962396621704
782,1.5666539669036865,-1.6562728881835938,-0.10350470244884491,0.9535980820655823
783,0.06387662887573242,0.3980027735233307,0.5359327793121338,0.2744012475013733
784,-0.35570502281188965,-0.35575082898139954,-1.6355856657028198,2.598618984222412
785,-0.9674299359321594,-0.1274823248386383,0.4608517289161682,1.6348134279251099
786,0.33752843737602234,-1.5939109325408936,1.794588327407837,0.16472980380058289
787,-0.13172166049480438,1.1513023376464844,-0.4894769787788391,0.49549049139022827
788,3.067265510559082,-1.4713008403778076,-0.08577396720647812,-0.2443084865808487
789,0.7929381132125854,-0.2627573609352112,-0.8741758465766907,1.4114505052566528
790,-1.0969630479812622,1.5448970794677734,0.08887381851673126,0.3565754294395447
791,-0.4468587636947632,-0.23916848003864288,1.0610096454620361,0.2856563925743103
792,1.017500400543213,-0.2633421719074249,0.8145920038223267,-0.09540533274412155
793,-0.6298938393592834,1.1518267393112183,0.7626907825469971,-0.6718544363975525
794,-0.043978843837976456,0.885208249092102,-0.047811347991228104,-0.021908976137638092
795,1.718015193939209,-1.3565559387207031,-0.46720823645591736,0.8286970853805542
796,-0.2784383296966553,1.2106188535690308,-0.34810662269592285,0.3282560110092163
797,-0.7234593033790588,-1.5179252624511719,-1.2153337001800537,3.684950113296509
798,1.8934375047683716,-1.089148998260498,-1.4143989086151123,1.4071160554885864
799,3.184096097946167,-1.524497628211975,-0.8137760758399963,-0.36775779724121094
800,-0.3206849694252014,2.128183603286743,0.15914328396320343,-1.3004329204559326
801,0.3015351891517639,-0.6899471282958984,2.0209624767303467,-0.5919559597969055
802,2.677070379257202,0.15373282134532928,-1.2254939079284668,-0.4382830262184143
803,-0.34092119336128235,2.042961835861206,-0.4906594157218933,-0.3453253507614136
804,-1.048225998878479,3.0519185066223145,-0.837507426738739,-1.197751760482788
805,1.9359780550003052,-1.2511649131774902,-0.6641935110092163,0.6815667152404785
806,0.41220366954803467,0.016952184960246086,1.5972400903701782,-0.4501280188560486
807,-0.6669461727142334,2.3750951290130615,-0.46018731594085693,-0.45160752534866333
808,-0.45209816098213196,-0.1815422624349594,1.1572495698928833,0.19230689108371735
809,-1.073356032371521,2.1819255352020264,0.4800829589366913,-1.2003135681152344
810,-0.712787389755249,-0.5737835764884949,-0.5169723629951477,2.502861261367798
811,0.8542093634605408,-0.7547268271446228,-0.3028409481048584,1.1176420450210571
812,3.338303804397583,-1.8361542224884033,-0.7118951678276062,0.039136968553066254
813,-0.3619045913219452,2.4119882583618164,-0.3129558265209198,-1.108016014099121
814,0.06120312586426735,-1.0645878314971924,-0.5313749313354492,2.6208016872406006
815,-0.3303176760673523,1.9904158115386963,0.2832132577896118,-0.7146372199058533
816,3.0441105365753174,-1.835806965827942,-0.9532120227813721,0.21433718502521515
817,-0.8113915920257568,2.4126055240631104,-0.18226854503154755,-1.1010463237762451
818,1.9359780550003052,-1.2511649131774902,-0.6641935110092163,0.6815667152404785
819,1.3023661375045776,-0.27980342507362366,-0.7881950736045837,1.146358847618103
820,-0.6793153285980225,0.9470944404602051,1.5072425603866577,-0.9511111378669739
821,0.833236575126648,-1.30715012550354,1.791959285736084,-0.16972549259662628
822,-0.9960904121398926,2.196451425552368,0.23370575904846191,-0.7518135905265808
823,3.300306558609009,-1.3333793878555298,-1.414172649383545,0.2564278841018677
824,-0.3748147487640381,1.6164687871932983,0.16943345963954926,-0.5685505270957947
825,-0.3819367587566376,0.9225058555603027,-0.1490979641675949,0.7167677879333496
826,0.45002758502960205,0.2551376223564148,0.3127806484699249,0.11238986253738403
827,0.6769315004348755,0.7121418714523315,0.6825091242790222,-0.9105451107025146
828,-0.2649070918560028,0.16846971213817596,1.7946951389312744,-0.7352263331413269
829,2.72414493560791,-1.396199107170105,-0.2758837938308716,-0.21941660344600677
830,-1.3693022727966309,3.241081953048706,-0.7577025294303894,-1.0890223979949951
831,0.6962147355079651,-1.3432650566101074,1.5285526514053345,-0.14538660645484924
832,-0.1934802532196045,1.0308270454406738,-0.26046574115753174,-0.11382950842380524
833,3.3890182971954346,-1.7531723976135254,-0.7150347828865051,-0.04683797061443329
834,-1.4175500869750977,1.3479673862457275,-0.22896674275398254,0.471746027469635
835,1.2265751361846924,-0.8430831432342529,0.1756897121667862,0.7635647654533386
836,-0.7108153104782104,0.5494058132171631,0.362958163022995,0.37603312730789185
837,-0.2784383296966553,1.2106188535690308,-0.34810662269592285,0.3282560110092163
838,-0.798688530921936,1.4182002544403076,-0.08678029477596283,0.44878268241882324
839,-0.005430508404970169,0.36866098642349243,0.8786371946334839,-0.12899763882160187
840,0.8373301029205322,-0.8670849204063416,-0.7289391160011292,1.7181180715560913
841,3.0441105365753174,-1.835806965827942,-0.9532120227813721,0.21433718502521515
842,2.2734198570251465,-1.7837544679641724,-0.8412331938743591,1.0423859357833862
843,-0.9302520751953125,2.848238229751587,-0.37407612800598145,-1.0009944438934326
844,1.533191204071045,-1.2051219940185547,-0.32900041341781616,0.6268590688705444
845,0.573229968547821,1.7689144611358643,-0.5399172902107239,-0.6219277381896973
846,-0.9983274936676025,1.8178966045379639,-0.7614489197731018,0.44273680448532104
847,0.8912327885627747,0.1195208877325058,0.4297751486301422,-0.47736334800720215
848,-0.5003615021705627,-0.6880899667739868,-0.023328527808189392,2.379234790802002
849,-1.2569758892059326,2.5050766468048096,0.415362685918808,-1.4287055730819702
850,-0.8752133846282959,2.2092182636260986,0.018767766654491425,-0.6771868467330933
851,-0.5895116329193115,2.01983904838562,-0.0715283453464508,-0.5053999423980713
852,1.8800921440124512,-1.2734534740447998,-0.6765168309211731,0.745344340801239
853,-0.735009491443634,-1.3161383867263794,-1.4964889287948608,3.506035566329956
854,3.3178460597991943,-1.8800439834594727,-0.6981006860733032,0.05936969071626663
855,0.10326835513114929,0.39533451199531555,0.0041005248203873634,0.462618350982666
856,1.6065136194229126,-1.0551440715789795,-0.6527348756790161,0.7800578474998474
857,0.031181160360574722,-0.2536015808582306,1.7472152709960938,-0.3950486183166504
858,-0.2501876950263977,0.17991916835308075,1.206600308418274,0.22121305763721466
859,-0.2784383296966553,1.2106188535690308,-0.34810662269592285,0.3282560110092163
860,0.043438348919153214,-0.18481376767158508,0.5182145237922668,0.7936297059059143
861,-0.9814542531967163,0.31021806597709656,1.1161576509475708,0.5888652801513672
862,0.18900419771671295,-0.6619768738746643,1.1440232992172241,0.33886927366256714
863,1.219274640083313,-0.8763089179992676,-0.9233312606811523,1.4964070320129395
864,-1.2420694828033447,2.8064663410186768,-0.3534478545188904,-0.8754896521568298
865,-0.8372480273246765,2.258760690689087,0.18225346505641937,-0.8152151703834534
866,0.24870434403419495,1.0297075510025024,-0.5123604536056519,0.4031614661216736
867,0.6095905900001526,0.33362358808517456,-0.44030463695526123,0.1366748809814453
868,-0.8089498281478882,1.7578538656234741,0.2160525768995285,-0.48756247758865356
869,1.7105979919433594,-1.8201563358306885,-1.2731456756591797,2.0469510555267334
870,3.3890182971954346,-1.7531723976135254,-0.7150347828865051,-0.04683797061443329
871,2.7509653568267822,-1.7976218461990356,-0.3496561646461487,0.28426802158355713
872,0.4696146845817566,-0.8920599818229675,-0.47660383582115173,1.9031715393066406
873,0.5377942323684692,-1.6412949562072754,0.32924801111221313,1.290939450263977
874,0.8726198673248291,-1.726844072341919,-0.5036477446556091,1.7607449293136597
875,0.08018696308135986,1.1653447151184082,0.8501417636871338,-1.1160391569137573
876,0.3962937593460083,-0.4416734576225281,1.0881928205490112,0.027793049812316895
877,0.22481481730937958,0.31606465578079224,0.24520204961299896,0.5919041633605957
878,-1.5433815717697144,2.5672390460968018,0.22609908878803253,-1.141379714012146
879,-0.3061527609825134,0.9432714581489563,0.6598847508430481,-0.3280370831489563
880,3.3890182971954346,-1.7531723976135254,-0.7150347828865051,-0.04683797061443329
881,-0.7186920642852783,2.601414918899536,-0.23488964140415192,-0.9314823150634766
882,0.7631158232688904,-1.6514545679092407,-0.46579065918922424,2.1345810890197754
883,1.8965848684310913,-0.2149324268102646,-0.8549606204032898,0.3843570351600647
884,0.3962937593460083,-0.4416734576225281,1.0881928205490112,0.027793049812316895
885,-1.141589641571045,1.9174604415893555,0.6122174263000488,-0.7275446057319641
886,3.0441105365753174,-1.835806965827942,-0.9532120227813721,0.21433718502521515
887,2.3683664798736572,-0.8763604760169983,-0.7593012452125549,0.011543389409780502
888,1.1629507541656494,-1.1961370706558228,1.5763994455337524,0.06439004093408585
889,1.0784533023834229,-0.2343204766511917,0.04635030776262283,0.5401261448860168
890,3.3890182971954346,-1.7531723976135254,-0.7150347828865051,-0.04683797061443329
891,1.9359780550003052,-1.2511649131774902,-0.6641935110092163,0.6815667152404785
892,-0.100466787815094,1.7893908023834229,0.2502165138721466,-1.0220651626586914
893,-0.2814028859138489,-0.43992823362350464,1.1496111154556274,0.5173473358154297
894,-0.7758118510246277,-1.594964861869812,0.8606526851654053,2.198152780532837
895,0.188097283244133,2.5151140689849854,-0.5884956121444702,-1.3620662689208984
896,0.300321102142334,-1.1256608963012695,1.9680031538009644,-0.05342841148376465
897,0.29323405027389526,-0.7531894445419312,1.0930476188659668,0.1276545226573944
898,3.346933603286743,-1.6304302215576172,0.10341378301382065,-0.8148658275604248
899,0.6642564535140991,-0.8662785887718201,0.24830710887908936,0.6001861095428467
900,2.1959617137908936,-1.6277724504470825,0.7466168999671936,-0.04247608780860901
901,0.7173782587051392,-0.133285254240036,-0.14116108417510986,0.8314028382301331
902,-0.6370649933815002,1.6086678504943848,-0.08016407489776611,-0.14660923182964325
903,-0.990775465965271,1.9328417778015137,0.34351247549057007,-0.7053065896034241
904,1.7306787967681885,-0.5565352439880371,-0.6341514587402344,0.2908198833465576
905,-0.13172166049480438,1.1513023376464844,-0.4894769787788391,0.49549049139022827
906,-1.2345746755599976,2.737311363220215,-0.3239712715148926,-0.8738200664520264
907,3.0441105365753174,-1.835806965827942,-0.9532120227813721,0.21433718502521515
908,0.6671282052993774,0.5804221630096436,-0.2528899013996124,0.2693564295768738
909,-0.11528867483139038,-0.8352819681167603,-1.9970952272415161,3.333451509475708
910,-0.4443874657154083,2.3583083152770996,-1.032324194908142,-0.051229119300842285
911,0.3959847390651703,-1.6931859254837036,0.850479245185852,0.7985976338386536
912,-1.5921401977539062,2.7337453365325928,-0.02810913324356079,-0.873151957988739
913,1.6948350667953491,-1.0717085599899292,-0.6909956336021423,1.0976625680923462
914,1.8800921440124512,-1.2734534740447998,-0.6765168309211731,0.745344340801239
915,0.8765267133712769,0.2932822108268738,-0.224373921751976,0.4523836374282837
916,-0.3761768341064453,0.334158331155777,1.4947569370269775,-0.540657103061676
917,-0.5154172778129578,2.3114216327667236,-0.8828942179679871,-0.32841163873672485
918,-0.6312292814254761,2.9281160831451416,-0.5780501961708069,-1.334707260131836
919,3.3890182971954346,-1.7531723976135254,-0.7150347828865051,-0.04683797061443329
920,0.6360108852386475,0.7875611186027527,-1.2848542928695679,0.9426226019859314
921,0.641309380531311,-0.024866728112101555,-1.0206102132797241,1.4939697980880737
922,-1.0262254476547241,-1.6505577564239502,-0.9139881730079651,3.633807897567749
923,1.7456204891204834,-1.2453330755233765,-0.6798157691955566,0.7873413562774658
924,-0.2784383296966553,1.2106188535690308,-0.34810662269592285,0.3282560110092163
925,3.1109299659729004,-1.892416000366211,-0.5464566946029663,0.17452003061771393
926,2.6996312141418457,-1.3129905462265015,-0.5963603854179382,0.3619592785835266
927,-0.2784383296966553,1.2106188535690308,-0.34810662269592285,0.3282560110092163
928,1.3826788663864136,-0.8997163772583008,0.08547292649745941,0.6664637327194214
929,1.9438426494598389,-0.8964886665344238,-0.3936938941478729,0.3139415979385376
930,-0.9116479754447937,1.2481422424316406,0.19988174736499786,0.14779788255691528
931,0.2771899104118347,-1.2463126182556152,2.4050183296203613,-0.3958932161331177
932,-0.5689665079116821,1.2008122205734253,-0.5392857193946838,0.888256847858429
933,-1.4817397594451904,1.8778873682022095,-0.7481018304824829,0.5019547343254089
934,-1.1586185693740845,2.038395404815674,0.6037275195121765,-1.035549283027649
935,-0.12432494759559631,0.9933125972747803,0.7836311459541321,-0.5880234241485596
936,-0.6315000653266907,0.4049576222896576,0.7690300345420837,0.2514706254005432
937,0.6351864337921143,-0.183980330824852,-0.5464088320732117,1.4781317710876465
938,0.8293189406394958,-0.3234981596469879,-0.8461757302284241,1.702964186668396
939,-0.5077739953994751,1.7987661361694336,0.32673323154449463,-0.7053613066673279
940,0.505031406879425,1.181735634803772,-0.6138718128204346,-0.18767578899860382
941,0.16227152943611145,0.01544702984392643,-0.5023025870323181,1.351165533065796
942,0.7040311098098755,-1.079657793045044,1.8975275754928589,-0.15098638832569122
943,3.053739309310913,-1.5926400423049927,-0.8415977358818054,0.20017121732234955
944,0.14600089192390442,-1.0730078220367432,1.5420488119125366,0.10225759446620941
945,1.9359780550003052,-1.2511649131774902,-0.6641935110092163,0.6815667152404785
946,0.4849565625190735,1.4291796684265137,-0.8425044417381287,0.15841726958751678
947,0.32273003458976746,-1.8256142139434814,-0.6867380738258362,2.6019678115844727
948,-1.0905855894088745,2.8074934482574463,-0.8686413168907166,-0.5009711384773254
949,3.3890182971954346,-1.7531723976135254,-0.7150347828865051,-0.04683797061443329
950,0.04968654364347458,-0.07711196690797806,0.14663687348365784,1.2388615608215332
951,-0.09805098176002502,-1.8611516952514648,-0.803116500377655,2.7486109733581543
952,-0.38008812069892883,1.4019904136657715,0.03402021899819374,0.07130904495716095
953,2.894742727279663,-1.730981469154358,-0.016358431428670883,-0.30788910388946533
954,2.7237229347229004,-1.4317256212234497,-1.806442379951477,1.1683107614517212
955,1.2343006134033203,-0.7486600875854492,-0.769805371761322,1.4563210010528564
956,-0.4877924919128418,-0.8413716554641724,1.8741662502288818,0.15739940106868744
957,2.1371817588806152,-0.9767075181007385,-1.2038789987564087,0.8082079887390137
958,-0.37608984112739563,1.4176448583602905,0.12270548194646835,-0.19728809595108032
959,3.3890182971954346,-1.7531723976135254,-0.7150347828865051,-0.04683797061443329
960,-0.9442198872566223,1.8588061332702637,0.9966070055961609,-1.3453011512756348
961,-0.5873348712921143,1.3337247371673584,-0.18929754197597504,0.5594143867492676
962,0.3052389323711395,0.9875507950782776,-0.2837143838405609,-0.061314575374126434
963,0.8765875101089478,-0.4962477684020996,-0.6503748297691345,1.0260263681411743
964,0.14763866364955902,-0.3940217196941376,1.6555479764938354,-0.3928036093711853
965,1.9359780550003052,-1.2511649131774902,-0.6641935110092163,0.6815667152404785
966,0.2339639663696289,0.495920866727829,0.013396845199167728,0.3440737724304199
967,3.0441105365753174,-1.835806965827942,-0.9532120227813721,0.21433718502521515
968,-0.7069396376609802,2.5935678482055664,-0.5510876774787903,-0.9293188452720642
969,-0.147093266248703,0.564520537853241,1.350523829460144,-0.9183143377304077
970,0.16953280568122864,0.8449417352676392,-0.7792269587516785,0.5957605838775635
971,0.19633476436138153,-0.5602297186851501,0.9349300265312195,0.6940894722938538
972,0.5061761140823364,-0.47826406359672546,1.5377799272537231,-0.5322813391685486
973,-1.2622716426849365,2.4270613193511963,-0.16020146012306213,-0.7460387349128723
974,3.3890182971954346,-1.7531723976135254,-0.7150347828865051,-0.04683797061443329
975,-0.43910762667655945,2.2307701110839844,-0.6580569744110107,-0.21073754131793976
976,-0.40763694047927856,0.32772335410118103,0.28080976009368896,0.6653493642807007
977,1.93694269657135,1.1940088272094727,-1.1338553428649902,-0.9996035695075989
978,2.725341558456421,-2.1381211280822754,-0.2511737644672394,0.513765275478363
979,-0.7168074250221252,1.7583980560302734,-0.9033775329589844,0.7584167718887329
980,-0.09227791428565979,-0.3823586404323578,0.6628022789955139,0.7013524174690247
981,0.9803797602653503,1.269130825996399,-0.9940276741981506,-0.04646351560950279
982,-0.48188352584838867,0.545329213142395,-0.6052859425544739,1.0319362878799438
983,3.3890182971954346,-1.7531723976135254,-0.7150347828865051,-0.04683797061443329
984,1.9359780550003052,-1.2511649131774902,-0.6641935110092163,0.6815667152404785
985,3.28751540184021,-1.8431724309921265,-0.68259596824646,0.08700381964445114
986,3.177807569503784,-1.8929870128631592,-0.7321619391441345,0.23538722097873688
987,0.8726198673248291,-1.726844072341919,-0.5036477446556091,1.7607449293136597
988,2.4397051334381104,-1.4567737579345703,-0.5765752792358398,0.3708930015563965
989,-0.6910750865936279,1.0421556234359741,0.9519721865653992,-0.6996272206306458
990,1.951127052307129,-0.11820188164710999,-1.432881236076355,0.5057293176651001
991,3.3677284717559814,-0.6502988338470459,-0.6882461309432983,-0.6635574102401733
992,1.7404643297195435,-1.5138146877288818,-0.40895432233810425,0.94829261302948
993,1.4911962747573853,0.13020019233226776,-0.8038689494132996,0.38189882040023804
994,0.5223108530044556,-1.7405346632003784,1.2906522750854492,0.7610483169555664
995,1.694633960723877,-0.40163129568099976,-0.5890741944313049,0.3036620020866394
996,0.8383932113647461,-1.1082763671875,0.6233804821968079,0.6902877688407898
997,2.9243576526641846,-1.8595941066741943,-0.6251142621040344,0.31208860874176025
998,0.6585618257522583,0.34948617219924927,-0.2146047204732895,0.29296326637268066
999,-0.46742334961891174,1.9140878915786743,-0.4497385025024414,-0.09766705334186554
